Glossar - Rohzutaten,,,,,,,,,,,,,,
Kategorie,Name DE,Name EN,CO₂ / 1.6FU (ohne Flug) ,g CO2 / 100g (ohne Flug) ,CO2 Base Value [g] ,Summe Transport für 1.6 FU,CO2 Land Transport [g] ,CO2 Sea Transport [g] ,CO2 Air Transport [g],Food Unit ,Energy [kcal] ,kcal für 1.6FU,Gewicht für 1.6 FU,Name FR
beverages,Getränke,AA Beverages,,0.00,,,,,,,,,,Boissons
beverages,Apfelsaft,Apple juice,621,34.95,33,35,2.0,0,0,0.09,45.14,802,1778,Jus de pomme
beverages,Rinderbrühe,Beef broth,1791,705.37,667,97,24.8,13.58,0,0.63,194.66,494,254,Bouillon de bœuf
beverages,Bier,Beer,770,43.32,40,59,3.3,0,0,0.09,39.41,701,1778,Bière
beverages,Randensaft,Beetroot juice,868,59.70,57,39,2.7,0,0,0.11,26.52,386,1455,Jus de betterave
beverages,Schwarztee,Black tea,1707,714.69,668.6,110,45.7,0.39,0,0.67,229.53,548,239,Thé noir
beverages,Buttermilch,Buttermilk,1467,119.19,117,27,2.2,0,0,0.13,33.68,415,1231,Babeurre
beverages,Champagner,Champagne,2145,147.44,137,152,9.3,1.1,0,0.11,69.98,1018,1455,Champagne
beverages,Hühnerbrühe,Chicken broth,557,219.37,181,97,24.8,13.58,0,0.63,194.66,494,254,Bouillon de poulet
beverages,Kaffee (gebrüht),Coffee (brewed),868,21.7,14.35,294,5.3,2.02,0,0.04,4,160,4000,Café (infusé)
beverages,Kaffeebohnen,Coffee beans,2122,1100.71,1043,111,48.6,9.07,0,0.83,396.48,764,193,Grains de café
beverages,Cognac,Cognac,1859,290.44,280,67,9.3,1.1,0,0.25,237.41,1519,640,Cognac
beverages,Fruchtsaft,Fruit juice,629,43.23,35,120,7.8,0.44,0,0.11,56.13,816,1455,Jus de fruits
beverages,Traubensaft,Grape juice,1774,121.99,116,87,6.0,0,0,0.11,60.07,874,1455,Jus de raisin
beverages,Grapefruitsaft,Grapefruit juice,621,46.56,32,194,6.8,7.72,0,0.12,25.08,334,1333,Jus de pamplemousse
beverages,Grüntee,Green tea,1707,714.69,668.6,110,45.7,0.39,0,0.67,229.53,548,239,Thé vert
beverages,Mangosaft,Mango Juice,2230,119.84,99,388,10.8,10.08,604.74,0.086,42,781,1860,Jus de mangue
beverages,Milch (mager),"Milk (lean, up to 0.5%)",1285,144.58,141,32,3.6,0,0,0.18,57,507,889,Lait (écrémé)
beverages,Vollmilch,"Milk (uht, full cream, 3.5%)",1554,194.19,191,26,3.2,0,0,0.2,68.31,546,800,Lait entier
beverages,Milch (teilentrahmt),"Milk (uht, partially skimmed, up to 2.5%)",1602,180.19,177,28,3.2,0,0,0.18,57.32,510,889,Lait (demi-écrémé)
beverages,Mineralwasser (ohne Kohlensäure),Mineral water (non-carbonated),1136,28.40,20.4,320,8.0,0,0,0.04,0,0,4000,Eau minérale (plate)
beverages,Hafermilch,Oat drink,357,24.56,11,197,13.6,0,0,0.11,56.61,823,1455,Lait d'avoine
beverages,Orangensaft,Orange juice,2248,154.58,127.1,400,17.9,9.58,0,0.11,51.59,750,1455,Jus d'orange
beverages,Pfirsichsaft,Peach juice,2748,154.58,127.1,489,17.9,9.58,0,0.09,48.25,858,1778,Jus de pêche
beverages,Birnensaft,Pear juice,734,50.47,39,167,11.5,0,0,0.11,47.54,691,1455,Jus de poire
beverages,Ananassaft,Pineapple juice,911,56.95,15,671,20.2,21.71,0,0.1,47.05,753,1600,Jus d'ananas
beverages,Portwein,Port wine,2582,290.44,280,93,9.3,1.1,0,0.18,152.14,1352,889,Vin de Porto
beverages,Reismilch,Rice drink,878,60.36,36,354,8.2,16.15,0,0.11,56.61,823,1455,Lait de riz
beverages,Sojamilch,Soy milk,644,60.37,22,409,24.8,13.58,0,0.15,39.65,423,1067,Lait de soja
beverages,Mineralwasser (mit Kohlensäure),Sparkling water,1596,39.90,31.9,320,8.0,0,0,0.04,0,0,4000,Eau minérale (gazeuse)
beverages,Spirituosen,Spirituous beverages,2789,418.37,380,256,24.8,13.58,0,0.24,218.78,1459,667,Spiritueux
beverages,Mandarinensaft,Tangerine juice,435,27.18,19,131,8.2,0,0,0.1,50.4,806,1600,Jus de mandarine
beverages,Tomatensaft,Tomato juice,924,40.42,33,170,7.4,0,0,0.07,15.52,355,2286,Jus de tomate
beverages,Wasser,Water,2,0.04,0.04,0,0.0,0,0,0.04,0,0,4000,Eau
beverages,Weisser Tee,White tea,1707,714.69,668.6,110,45.7,0.39,0,0.67,229.53,548,239,Thé blanc
beverages,Wein,Wine,2359,147.44,137,167,9.3,1.1,0,0.1,68.55,1097,1600,Vin
diary & eggs,Eier und Milch,AA Eggs and milk,,0.00,,,,,,,,,,Œufs et lait
diary & eggs,Butter,Butter,1384,1211.19,1209,3,2.2,0,0,1.4,730.87,835,114,Beurre
diary & eggs,Cheddar,Cheddar,1322,941.69,938,5,3.7,0,0,1.14,406.04,570,140,Cheddar
diary & eggs,Frischkäse,"Cheese (fresh, 0 - 15%)",684,324.69,321,8,3.7,0,0,0.76,334.38,704,211,Fromage à la crème
diary & eggs,Käse (hart),"Cheese (hard, more than 30%)",1310,941.69,938,5,3.7,0,0,1.15,396.48,552,139,Fromage (à pâte dure)
diary & eggs,Käse (halbhart),"Cheese (semi-hard, 25 - 30%)",1203,864.69,861,5,3.7,0,0,1.15,225.23,313,139,Fromage (à pâte mi-dure)
diary & eggs,Käse (weich),"Cheese (soft, 20 -25%)",1212,666.69,663,7,3.7,0,0,0.88,358.27,651,182,Fromage (à pâte molle)
diary & eggs,Kokosmilch,Coconut milk,556,138.92,110,116,21.2,7.72,0,0.4,185.58,742,400,Lait de coco
diary & eggs,Kaffeesahne,Coffee creamer,1298,292.10,289.9,10,2.2,0,0,0.36,159.07,707,444,Crème à café
diary & eggs,Doppelrahm,"Cream (double cream, 45% fat)",1374,721.47,719,5,2.5,0,0,0.84,417.98,796,190,Double crème
diary & eggs,Rahm (Vollfett),"Cream (full fat, 35% fat)",1408,589.47,587,6,2.5,0,0,0.67,327.22,781,239,Crème entière
diary & eggs,Rahm (halbfett),"Cream (half-fat, 25% fat)",1310,458.47,456,7,2.5,0,0,0.56,269.9,771,286,Demi-crème
diary & eggs,Sahne-Pulver,Cream powder,2729,1534.95,1533,3,2.0,0,0,0.9,559.85,995,178,Poudre de crème
diary & eggs,Crème Fraiche,Creme fraiche cheese,806,342.47,340,6,2.5,0,0,0.68,329.61,776,235,Crème fraîche
diary & eggs,Quark,Curd,1620,293.69,290,20,3.7,0,0,0.29,62.58,345,552,Fromage blanc
diary & eggs,Eiweiss (Ei),Egg white,1607,271.26,267,25,4.3,0,0,0.27,44.66,265,593,Blanc d'œuf (œuf)
diary & eggs,Eigelb,Egg yolk,477,271.26,267,7,4.3,0,0,0.91,346.33,609,176,Jaune d'œuf
diary & eggs,Eier (Freilandhaltung),Eggs (free range),750,220.26,216,15,4.3,0,0,0.47,141,480,340,Œufs (élevage en plein air)
diary & eggs,Emmentaler,Emmentaler,1274,955.69,952,5,3.7,0,0,1.2,406.04,541,133,fromage Emmental
diary & eggs,Ziegenkäse,Goat cheese,756,340.42,333,16,7.4,0,0,0.72,241.23,536,222,Fromage de chèvre
diary & eggs,Ziegenmilch,Goat milk,1049,111.42,104,70,7.4,0,0,0.17,56.61,533,941,Lait de chèvre
diary & eggs,Grana padano,Grana padano,1215,941.69,938,5,3.7,0,0,1.24,372.6,481,129,Grana padano
diary & eggs,Gruyère,Gruyere,1291,927.69,924,5,3.7,0,0,1.15,394.1,548,139,Gruyère
diary & eggs,Margarine,Margarine,157,134.68,132,3,2.7,0,0,1.37,711.76,831,117,Margarine
diary & eggs,Mascarpone,Mascarpone,1017,616.69,613,6,3.7,0,0,0.97,446.64,737,165,Mascarpone
diary & eggs,Milchpulver,Milk powder,303,220.01,218,3,2.0,0,0,1.16,480.08,662,138,Lait en poudre
diary & eggs,Mozarella,Mozzarella (from cow's milk),1420,674.69,671,8,3.7,0,0,0.76,250.79,528,211,Mozarella
diary & eggs,Joghurt (nature),Natural yoghurt,3155,374.69,371,31,3.7,0,0,0.19,48.01,404,842,Yoghourt (nature)
diary & eggs,Haferrahm,Oats cream,127,24.56,11,70,13.6,0,0,0.31,146.65,757,516,Crème d'avoine
diary & eggs,Paneer,Paneer,1647,864.69,861,7,3.7,0,0,0.84,285.9,545,190,Paneer
diary & eggs,Parmesan,Parmesan,1215,941.69,938,5,3.7,0,0,1.24,372.6,481,129,Parmesan
diary & eggs,Raclette,Raclette,1408,941.69,938,6,3.7,0,0,1.07,355.88,532,150,Raclette
diary & eggs,Ricotta,Ricotta,220,64.69,61,13,3.7,0,0,0.47,154,524,340,Ricotta
diary & eggs,Seidentofu,Silken tofu,964,120.53,106,116,13.3,1.24,0,0.2,55,440,800,Tofu soyeux
diary & eggs,Sauerrahm,Sour cream,806,342.47,340,6,2.5,0,0,0.68,329.61,776,235,Crème fraîche
diary & eggs,Sauermilch,Sour milk,1537,278.58,275,20,3.6,0,0,0.29,119.42,659,552,Lait caillé
diary & eggs,Tilsiter,Tilsit cheese,1343,864.69,861,6,3.7,0,0,1.03,351.1,545,155,Tilsit
diary & eggs,Molke,Whey,134,6.69,3,74,3.7,0,0,0.08,24.12,482,2000,Lactosérum
diary & eggs,Molkepulver,Whey powder,641,256.29,253,8,3.3,0,0,0.64,374.75,937,250,Poudre de lactosérum
diary & eggs,Vollei,Whole egg,923,271.26,267,15,4.3,0,0,0.47,140.68,479,340,Œuf entier
fish & seafood,Fische und Meeresfrüchte,AA Fish & seafood,,0.00,,,,,,,,,,Poissons et fruits de mer
fish & seafood,Sardellen,Anchovies,1197,388.87,335,166,27.8,26.06,0,0.52,113,348,308,Anchois
fish & seafood,Blaubarsch,Bluefish,629,373.37,335,65,24.8,13.58,0,0.95,353.01,595,168,Tassergal
fish & seafood,Goldbrasse,Bream,1035,413.87,360,135,27.8,26.06,0,0.64,185.1,463,250,Dorade royale
fish & seafood,Claressefilet,Claresse filet,2631,805.87,752,176,27.8,26.06,0,0.49,101.75,332,327,Filet de Claresse
fish & seafood,Seelachs,Coalfish,2055,513.87,460,215,27.8,26.06,0,0.4,71.18,285,400,Saithe
fish & seafood,Kabeljau,Cod,1912,513.87,460,200,27.8,26.06,0,0.43,76.91,286,372,Morue
fish & seafood,Dorsch,Codfish,1912,513.87,460,200,27.8,26.06,0,0.43,76.91,286,372,Morue
fish & seafood,Krebse,Crayfish,11985,2471.87,2418,261,27.8,26.06,0,0.33,47.17,229,485,Crabes
fish & seafood,Aal,Eel,676,388.87,335,94,27.8,26.06,0,0.92,373.08,649,174,Anguille
fish & seafood,Fisch,Fish,1244,388.87,335,172,27.8,26.06,0,0.5,126.83,406,320,Poisson
fish & seafood,Flunder,Flounder,1555,388.87,335,215,27.8,26.06,0,0.4,73.09,292,400,Flet
fish & seafood,Seehecht,Hake,1518,388.87,335,210,27.8,26.06,0,0.41,71.65,280,390,Colin
fish & seafood,Heilbutt,Halibut,1152,388.87,335,160,27.8,26.06,0,0.54,117.99,350,296,Flétan
fish & seafood,Hering,Herring,670,263.87,210,137,27.8,26.06,0,0.63,199.68,507,254,Harengs
fish & seafood,Hummer,Lobster,14648,2471.87,2418,319,27.8,26.06,0,0.27,31.5,187,593,Homard
fish & seafood,Schnapper,Lutjanidae,1004,388.87,335,139,27.8,26.06,0,0.62,167.43,432,258,Snapper
fish & seafood,Makrele,Mackerel,385,228.37,190,65,24.8,13.58,0,0.95,353.01,595,168,Maquereau
fish & seafood,Austern,Oysters,3615,338.87,285,575,27.8,26.06,0,0.15,9.9,106,1067,Huîtres
fish & seafood,Eglifilet,Perch fillet,596,163.87,110,196,27.8,26.06,0,0.44,79.3,288,364,Filet de perche
fish & seafood,Zander,Pike perch,528,148.37,110,136,24.8,13.58,0,0.45,81.69,290,356,Sandre et perche
fish & seafood,Scholle,Plaice,1353,388.87,335,187,27.8,26.06,0,0.46,85.75,298,348,Plie
fish & seafood,Lachs,Salmon,1757,713.87,660,133,27.8,26.06,0,0.65,181.52,447,246,Saumon
fish & seafood,Lachsforelle,Salmon trout,1388,433.87,380,172,27.8,26.06,0,0.5,126.83,406,320,Truite saumonée
fish & seafood,Wolfsbarsch,Sea ,1324,413.87,360,172,27.8,26.06,0,0.5,104,333,320,Bar
fish & seafood,Pangasius,Shark catfish,8658,1839.87,1786,254,27.8,26.06,0,0.34,65.68,309,471,Pangasius
fish & seafood,Muscheln,Shellfish,2169,338.87,285,345,27.8,26.06,0,0.25,38.37,246,640,Moules
fish & seafood,Garnelen,Shrimp,5461,1023.87,970,287,27.8,26.06,0,0.3,56.37,301,533,Crevettes
fish & seafood,Tilapia,Tilapia,1409,413.87,360,183,27.8,26.06,0,0.47,101.27,345,340,Tilapia
fish & seafood,Thunfisch,Tuna,1035,413.87,360,135,27.8,26.06,0,0.64,149.76,374,250,Thon
fish & seafood,Felchen,Whitefish,535,163.87,110,176,27.8,26.06,0,0.49,101.75,332,327,Merlan
fruits & berries,Früchte und Beeren,AA Fruits & berries,,0.00,,,,,,,,,,Fruits et baies
fruits & berries,Äpfel,Apple,323,22.19,20,32,2.2,0,0,0.11,55.45,807,1455,Pommes
fruits & berries,Aprikosen,Apricots,295,20.30,14,92,6.3,0,0,0.11,48.76,709,1455,Abricots
fruits & berries,Bananen,Bananas,409,40.91,17,239,9.4,14.5,0,0.16,96.32,963,1000,Bananes
fruits & berries,Brombeeren,Blackberries,643,44.19,42,32,2.2,0,0,0.11,44.19,643,1455,Mûres
fruits & berries,Blaubeeren,Blueberries,672,46.19,44,32,2.2,0,0,0.11,50.96,741,1455,Myrtilles
fruits & berries,Kirschen,Cherry,669,58.50,46,143,12.5,0,0,0.14,75,857,1143,Cerises
fruits & berries,Datteln,Dates,1349,177.00,163,107,9.0,5.01,0,0.21,139.49,1063,762,Dattes
fruits & berries,Feigen,Figs,567,49.61,43,76,3.5,3.08,184.71,0.14,75,857,1143,Figues
fruits & berries,Obst,Fruit,323,22.19,20,32,2.2,0,0,0.11,49,713,1455,Fruits
fruits & berries,Grapefruit,Grapefruit,552,31.06,16.5,259,6.8,7.72,0,0.09,30.11,535,1778,Pamplemousse
fruits & berries,Trauben,Grapes,378,30.72,27,46,3.5,0.24,14.33,0.13,67.18,827,1231,Raisins
fruits & berries,Kiwi,Kiwi,821,63.62,46.5,221,8.0,9.08,545.01,0.124,54.73,706,1290,Kiwi
fruits & berries,Zitronen,Lemons,997,56.06,20.3,636,30.4,5.38,0,0.09,22.47,399,1778,Citrons
fruits & berries,Limette,Lime,897,56.06,20.3,572,30.4,5.38,0,0.1,41,656,1600,Lime
fruits & berries,Mango,Mango,430,32.24,11.4,278,10.8,10.08,604.74,0.12,63,840,1333,Mangue
fruits & berries,Melonen,Melon,415,28.50,15,196,12.3,1.17,70.13,0.11,30.38,442,1455,Melons
fruits & berries,Nektarinen,Nectarine,422,29.00,16.5,182,12.5,0,0,0.11,51.15,744,1455,Nectarines
fruits & berries,Orangen,Oranges,626,43.05,16.5,386,26.6,0,0,0.11,44.22,643,1455,Oranges
fruits & berries,Maracuja,Passion fruit,707,75.14,54.3,196,10.8,10.08,604.74,0.17,76,715,941,Fruit de la passion
fruits & berries,Pfirsich,Peach,696,43.50,31,200,12.5,0,0,0.1,48,768,1600,Pêche
fruits & berries,Birnen,Pears,530,36.47,25,167,11.5,0,0,0.11,54.2,788,1455,Poires
fruits & berries,Ananas,Pineapple,416,25.97,11,240,3.1,11.85,710.99,0.1,52.07,833,1600,Ananas
fruits & berries,Pflaumen,Plums,467,32.10,14,263,17.3,0.83,0,0.11,48.76,709,1455,Prunes
fruits & berries,Quitten,Quince,434,27.13,20,114,7.1,0,0,0.1,40.87,654,1600,Coings
fruits & berries,Rosinen,Raisins,415,106.39,93,52,10.9,2.45,0,0.41,300.95,1174,390,Sultanines
fruits & berries,Himbeeren,Raspberries,589,44.19,42,29,2.2,0,0,0.12,51.35,685,1333,Framboises
fruits & berries,Rhabarber,Rhubarb,499,21.19,15,146,6.1,0.06,3.59,0.068,12.19,287,2353,Rhubarbe
fruits & berries,Sternfrucht,Starfruit,1197,67.34,46.5,370,10.8,10.08,604.74,0.09,25,444,1778,Carambole
fruits & berries,Erdbeeren,Strawberries,423,26.44,16,167,10.4,0,0,0.1,38.69,619,1600,Fraises
fruits & berries,Mandarinen,Tangerines,579,47.04,30,210,16.7,0.38,0,0.13,31.05,382,1231,Mandarines
fruits & berries,Wassermelone,Watermelon,456,28.50,15,216,12.3,1.17,70.13,0.1,24.65,394,1600,Pastèque
legumes,Hülsenfrüchte,AA Legumes,,0.00,,,,,,,,,,Légumineuses
legumes,Schwarze Bohnen,Black beans,198,102.73,66,71,27.7,9,0,0.83,367,707,193,Haricots noirs
legumes,Kichererbsen,Chickpeas,228,105.26,76,63,20.8,8.43,0,0.74,327,707,216,Pois chiches
legumes,Grüne Bohnen,Green beans,235,102.73,66,84,27.7,9,0,0.7,252,576,229,Haricots verts
legumes,Kidneybohnen,Kidney beans,219,102.73,66,78,27.7,9,0,0.75,295,629,213,Haricots rouges
legumes,Linsen,Lentils,186,100.98,66,64,23.6,11.38,0,0.87,347,638,184,Lentilles
legumes,Mungbohne,Mung bean,220,27.53,13,116,13.3,1.24,0,0.2,54.93,439,800,Haricot mungo
legumes,Erbsen,Peas,118,55.37,51,9,4.4,0,0,0.75,315,672,213,Pois
legumes,rote Linsen,Red lentils,180,100.98,66,62,23.6,11.38,0,0.9,360,640,178,Lentilles rouges
legumes,Soja,Soy,145,112.53,98,19,13.3,1.24,0,1.24,384.54,496,129,Soja
legumes,weisse Bohnen,White beans,216,102.73,66,77,27.7,9,0,0.76,324,682,211,haricots blancs
meat,Fleisch,AA Meat,,0.00,,,,,,,,,,Viande
meat,Bündnerfleisch,Air-dried meat,12404,7287.17,7285,4,2.2,0,0,0.94,192.03,327,170,Viande des Grisons
meat,Speck,Bacon,896,604.95,603,3,2.0,0,0,1.08,396.48,587,148,Bacon
meat,Rind,Beef,5003,1688.44,1686,7,2.4,0,0,0.54,103.42,306,296,Bœuf
meat,Rind (Hinterkeule),Beef (back leg),5284,1849.44,1847,7,2.4,0,0,0.56,117.75,336,286,Bœuf (patte arrière)
meat,Rind (Siedfleisch),Beef (boiling meat),2465,1124.44,1122,5,2.4,0,0,0.73,225.95,495,219,Bœuf (viande bouillie)
meat,Rind (Geschnetzeltes),Beef (cut intro stripes),5290,1785.44,1783,7,2.4,0,0,0.54,103.42,306,296,Bœuf (escalope)
meat,Rind (Filet),Beef (filet),16526,5577.44,5575,7,2.4,0,0,0.54,106.53,316,296,Bœuf (filet)
meat,Rind (Hackfleisch),Beef (ground meat),2543,985.44,983,6,2.4,0,0,0.62,154.06,398,258,Bœuf (viande hachée)
meat,Rind (Hüfte),Beef (hip or round),8450,3221.44,3219,6,2.4,0,0,0.61,133.99,351,262,Bœuf (rumsteck)
meat,Rind (Innereien),Beef (innards),2762,621.44,619,11,2.4,0,0,0.36,85.27,379,444,Bœuf (abats)
meat,Rind (Ragout),Beef (ragout),4112,1336.44,1334,8,2.4,0,0,0.52,97.45,300,308,Boeuf (ragoût)
meat,Rind (Hohrücken),Beef (rib eye),6909,2763.44,2761,6,2.4,0,0,0.64,165.28,413,250,Bœuf (échine)
meat,Rind (Roastbeef),Beef (roastbeef),11298,3954.44,3952,7,2.4,0,0,0.56,117.75,336,286,Bœuf (rosbif)
meat,Rind (Wurstfleisch),Beef (sausage),1841,621.44,619,7,2.4,0,0,0.54,103.42,306,296,Bœuf (chair à saucisse)
meat,Rind (Schnitzel),Beef (schnitzel),6430,2250.44,2248,7,2.4,0,0,0.56,112.02,320,286,Bœuf (escalope)
meat,Rind (Schulterbraten),Beef (shoulder),4518,1581.44,1579,7,2.4,0,0,0.56,117.75,336,286,Bœuf (rôti d'épaule)
meat,Huhn,Chicken,1184,451.33,440,30,7.3,4.08,0,0.61,167.43,439,262,Poulet
meat,Hähnchen (Brust),Chicken (breast),2069,711.33,700,33,7.3,4.08,0,0.55,106.05,309,291,Poulet (poitrine)
meat,Huhn (Schenkel),Chicken (leg),817,311.33,300,30,7.3,4.08,0,0.61,167.43,439,262,Poulet (cuisse)
meat,Huhn (Flügel),Chicken (wings),830,316.33,305,30,7.3,4.08,0,0.61,167.43,439,262,Poulet (ailes)
meat,Huhn (ganz),Chicken whole animal,894,279.33,268,36,7.3,4.08,0,0.5,125.57,402,320,Poulet entier
meat,Hirsch,Deer meat,3075,1095.37,1090,15,5.4,0,0,0.57,122.29,343,281,Chevreuil
meat,Ente,Duck,673,391.33,383,14,8.3,0,0,0.93,388,668,172,Canard
meat,Fohlen,Foal,3372,1117.05,1086,94,15.0,16.01,0,0.53,103.66,313,302,Poulain
meat,Ziege,Goat meat,2966,1093.89,1090,11,3.9,0,0,0.59,149.04,404,271,Chèvre
meat,Schinken,Ham,3599,1147.19,1145,7,2.2,0,0,0.51,105.09,330,314,Jambon
meat,Pferd,Horse,5087,1685.05,1654,94,15.0,16.01,0,0.53,103.66,313,302,Cheval
meat,Känguru,Kangaroo meat,873,338.13,298,104,8.2,31.91,0,0.62,158.35,409,258,Kangourou
meat,Lamm,Lamb,3382,1120.24,1090,91,8.6,21.6,0,0.53,112.97,341,302,Agneau
meat,Lamm (Rücken),Lamb (back),2946,1031.24,1001,86,8.6,21.6,0,0.56,117.75,336,286,Agneau (dos)
meat,Lamm (Kotelett),Lamb (chop of meat),3300,1720.24,1690,58,8.6,21.6,0,0.834,112.97,217,192,Agneau (côtelette)
meat,Lamm (Keule),Lamb (leg),2918,1094.24,1064,81,8.6,21.6,0,0.6,153.82,410,267,Agneau (gigot)
meat,Lamm (Fleisch ohne Knochen),Lamb (meat without bones),2063,1120.24,1090,56,8.6,21.6,0,0.869,112.97,208,184,Agneau (viande désossée)
meat,Lamm (Hals und Brust),Lamb (neck and breast),2500,781.24,751,97,8.6,21.6,0,0.5,153.82,492,320,Agneau (cou et poitrine)
meat,Lamm (Schulter),Lamb (shoulder),2536,1046.24,1016,73,8.6,21.6,0,0.66,187.49,455,242,Agneau (épaule)
meat,Schweineschmalz,Lard,580,605.19,603,2,2.2,0,0,1.67,874.18,838,96,Lard
meat,Fleisch,Meat,2393,942.19,940,6,2.2,0,0,0.63,160.27,407,254,Viande
meat,Strauss,Ostrich,3043,1065.01,1036,83,12.5,16.54,0,0.56,108.8,311,286,Autruche
meat,Schwein,Pork,1629,692.19,690,5,2.2,0,0,0.68,158.35,373,235,Porc
meat,Schwein (Brust),Pork (breast),1557,710.19,708,5,2.2,0,0,0.73,236.94,519,219,Porc (poitrine)
meat,Schwein (Kotelett),Pork (chop of meat),2993,1141.19,1139,6,2.2,0,0,0.61,138.05,362,262,Porc (escalope)
meat,Schwein (Geschnetzeltes),Pork (cut intro stripes),1838,666.19,664,6,2.2,0,0,0.58,134.23,370,276,Porc (râpé)
meat,Schwein (Filet),Pork (filet),6008,2140.19,2138,6,2.2,0,0,0.57,122.05,343,281,Porc (filet)
meat,Schwein (Hackfleisch),Pork (ground meat),1719,666.19,664,6,2.2,0,0,0.62,158.35,409,258,Porc (viande hachée)
meat,Schwein (Lendenkotelett),Pork (loin chop),2993,1141.19,1139,6,2.2,0,0,0.61,138.05,362,262,Porc (côtelette de longe)
meat,Schwein (Halsbraten),Pork (neck),2280,969.19,967,5,2.2,0,0,0.68,201.35,474,235,Porc (rôti de cou)
meat,"Schwein (Ragout, Haxen)",Pork (ragout),1492,671.19,669,5,2.2,0,0,0.72,181.28,403,222,"Porc (ragoût, jarret)"
meat,Schwein (Schwarte),Pork (rind),950,439.19,437,5,2.2,0,0,0.74,250,541,216,Porc (couenne)
meat,Schwein (Wurstfleisch),Pork (sausage),1004,439.19,437,5,2.2,0,0,0.7,234.07,535,229,Porc (chair à saucisse)
meat,Schwein (Schnitzel),Pork (schnitzel),2280,969.19,967,5,2.2,0,0,0.68,201.35,474,235,Porc (escalope)
meat,Schwein (Schulterbraten),Pork (shoulder),2194,987.19,985,5,2.2,0,0,0.72,181.28,403,222,Porc (rôti d'épaule)
meat,Rohschinken,Prosciutto,3599,1147.19,1145,7,2.2,0,0,0.51,105.09,330,314,Jambon cru
meat,Quorn,Quorn,1045,273.00,260,50,13.0,0,0,0.418,114,436,383,Quorn
meat,Kaninchen,Rabbit meat,1761,660.37,655,14,5.4,0,0,0.6,149.52,399,267,Lapin
meat,Salami,Salami,1048,812.19,810,3,2.2,0,0,1.24,482.47,623,129,Salami
meat,Seitan,Seitan,478,143.37,105,128,24.8,13.58,0,0.48,92,307,333,Seitan
meat,Geräucherter Schinken,Smoked ham,2039,1147.19,1145,4,2.2,0,0,0.9,228.81,407,178,Jambon fumé
meat,Tempeh,Tempeh,516,148.37,110,133,24.8,13.58,0,0.46,150.47,523,348,Tempeh
meat,Tofu,Tofu,643,120.53,106,77,13.3,1.24,0,0.3,80.49,429,533,Tofu
meat,Truthuhn,Turkey,1267,451.33,440,32,7.3,4.08,0,0.57,108.91,306,281,Dinde
meat,Kalb,Veal,7925,2823.44,2821,7,2.4,0,0,0.57,128.02,359,281,Veau
meat,Kalb (Brust),Veal (breast),3820,1599.44,1597,6,2.4,0,0,0.67,202.54,484,239,Veau (poitrine)
meat,Kalb (Kotelett),Veal (chop of meat),11790,4568.44,4566,6,2.4,0,0,0.62,160.98,415,258,Veau (escalope)
meat,Kalb (Geschnetzeltes),Veal (cut intro stripes),9384,3108.44,3106,7,2.4,0,0,0.53,99.12,299,302,Veau (escalopes)
meat,Kalb (Filet),Veal (filet),18779,6455.44,6453,7,2.4,0,0,0.55,119.66,348,291,Veau (filet)
meat,Kalb (Hackfleisch),Veal (ground meat),6915,2247.44,2245,8,2.4,0,0,0.52,104.38,321,308,Veau (viande hachée)
meat,Kalb (Haxen),Veal (leg),5642,1939.44,1937,7,2.4,0,0,0.55,123.01,358,291,Veau (jarret)
meat,Kalb (Leber),Veal (liver),3405,1170.44,1168,7,2.4,0,0,0.55,135.43,394,291,Veau (foie)
meat,Kalb (Halsbraten),Veal (neck),5898,2027.44,2025,7,2.4,0,0,0.55,134,390,291,Veau (rôti de cou)
meat,Kalb (Ragout),Veal (ragout),7051,2247.44,2245,8,2.4,0,0,0.51,102.46,321,314,Veau (ragoût)
meat,Kalb (Wurstfleisch),Veal (sausage),2973,1170.44,1168,6,2.4,0,0,0.63,225.23,572,254,Veau (chair à saucisse)
meat,Kalb (Schnitzel),Veal (schnitzel),13553,4489.44,4487,7,2.4,0,0,0.53,99.12,299,302,Veau (escalope)
meat,Kalb (Schulterbraten),Veal (shoulder),6971,2396.44,2394,7,2.4,0,0,0.55,124.44,362,291,Veau (rôti d'épaule)
meat,Kalb (Steak),Veal (steak),15605,5559.44,5557,7,2.4,0,0,0.57,113.69,319,281,Veau (steak)
meat,Wildschwein,Wild boar,2172,692.19,690,7,2.2,0,0,0.51,109.15,342,314,Sanglier
nuts & seeds,"Nüsse, Samen und Öle","AA Nuts, seeds and oils",,0.00,,,,,,,,,,"Noix, graines et huiles"
nuts & seeds,Mandeln,Almonds,250,212.33,188,29,13.7,10.65,0,1.36,568.45,669,118,Amandes
nuts & seeds,Tierfett,Animal fat,882,683.86,681,4,2.9,0,0,1.24,652.05,841,129,Graisse animale
nuts & seeds,Cashewkerne,Cashews,420,338.92,310,36,21.2,7.72,0,1.29,587.56,729,124,Noix de cajou
nuts & seeds,Chiasamen,Chia,139,92.00,81,17,11.0,0,0,1.06,485.81,733,151,Graines de chia
nuts & seeds,Kakaobutter,Cocoa butter,113,118.79,101.07,17,10.9,6.78,0,1.68,881,839,95,Beurre de cacao
nuts & seeds,Kakaomasse,Cocoa paste,99,77.76,60.04,23,10.9,6.78,0,1.26,630,800,127,Masse de cacao
nuts & seeds,Kokosnuss,Coconut,219,181.92,153,35,21.2,7.72,0,1.33,667,802,120,Noix de coco
nuts & seeds,Kokosnussöl,Coconut oil,263,275.92,247,28,21.2,7.72,0,1.68,878.95,837,95,Huile de noix de coco
nuts & seeds,Kokosraspeln,Desiccated coconut,290,166.92,138,50,21.2,7.72,0,0.92,473.23,823,174,Flocons de noix de coco
nuts & seeds,Traubenkernöl,Grapeseed oil,288,301.94,267,33,30.5,4.44,0,1.68,881,839,95,Huile de pépins de raisin
nuts & seeds,Haselnussöl,Hazelnut oil,436,463.32,424,37,37.5,1.83,0,1.7,902.84,850,94,Huile de noisette
nuts & seeds,Haselnüsse,Hazelnuts,309,270.43,245,29,25.2,0.2,0,1.4,632.94,723,114,Noisettes
nuts & seeds,Leinsamen,Linseed,208,141.57,117,36,23.8,0.82,0,1.09,465.75,684,147,Graines de lin
nuts & seeds,Nüsse,Nuts,313,267.79,226,49,35.0,6.75,0,1.37,592.34,692,117,Noix
nuts & seeds,Olivenöl,Olive oil,461,441.15,428,14,13.1,0.03,0,1.53,795.36,832,105,Huile d'olive
nuts & seeds,Oliven,Olives,482,87.43,71,91,16.4,0,0,0.29,123,679,552,Olives
nuts & seeds,Palmöl,Palm oil,397,375.14,357,19,6.8,11.3,0,1.51,785.8,833,106,Huile de palme
nuts & seeds,Erdnussbutter,Peanut butter,210,181.23,177.33,5,3.9,0,0,1.38,581.99,675,116,Beurre de cacahuète
nuts & seeds,Erdnussöl,Peanut oil,485,463.32,424,41,37.5,1.83,0,1.53,795.36,832,105,Huile d'arachide
nuts & seeds,Erdnüsse,Peanuts,234,211.79,170,46,35.0,6.75,0,1.45,594.73,656,110,Cacahuètes
nuts & seeds,Pinienkerne,Pine nuts,265,251.79,210,44,35.0,6.75,0,1.52,587.56,618,105,Pignons de pin
nuts & seeds,Pistazien,Pistachios,496,406.47,383,29,20.0,3.5,0,1.31,566,691,122,Pistaches
nuts & seeds,Kürbiskerne,Pumpkin seeds,171,169.10,166,3,3.1,0,0,1.58,597.11,605,101,Graines de citrouille
nuts & seeds,Rapsöl,Rapeseed oil,209,199.70,197,3,2.7,0,0,1.53,795.36,832,105,Huile de colza
nuts & seeds,Distelöl,Safflower oil,239,227.13,200,29,24.0,3.16,0,1.52,792.97,835,105,Huile de carthame
nuts & seeds,Sesam,Sesame,253,208.92,180,35,21.2,7.72,0,1.32,582.78,706,121,Sésame
nuts & seeds,Sesamöl,Sesame oil,288,301.94,267,33,30.5,4.44,0,1.68,887.07,845,95,Huile de sésame
nuts & seeds,Sojaöl,Soybean oil,824,787.90,782,6,5.9,0,0,1.53,795.36,832,105,Huile de soja
nuts & seeds,Sonnenblumenöl,Sunflower oil,303,289.36,269,21,12.3,8.05,0,1.53,795.36,832,105,Huile de tournesol
nuts & seeds,Sonnenblumenkerne,Sunflower seeds,103,92.00,81,12,11.0,0,0,1.43,618.61,692,112,Graines de tournesol
nuts & seeds,Pflanzliches Öl,Vegetable fat,315,301.37,263,40,24.8,13.58,0,1.53,795.36,832,105,Huile végétale
nuts & seeds,Walnussöl,Walnut oil,551,578.62,539.3,37,37.5,1.83,0,1.68,880,838,95,Huile de noix
nuts & seeds,Walnüsse,Walnuts,216,213.43,210,3,3.3,0.16,0,1.58,730.87,740,101,Noix de Grenoble
spices & condiments,Würzmittel,AA spices & condiments,,0.00,,,,,,,,,,Condiments
spices & condiments,Anis,Anise,201,63.95,30,107,33.7,0.3,0,0.51,180,565,314,Anis
spices & condiments,Apfelessig,Apple cider vinegar,6720,294.00,290,91,4.0,0,0,0.07,26.03,595,2286,Vinaigre de cidre de pomme
spices & condiments,Apfelpektin,Apple pectin,1345,327.95,326,8,2.0,0,0,0.39,324.83,1333,410,Pectine de pomme
spices & condiments,Backpulver,Baking powder,1214,129.00,112,160,15.0,2,0,0.17,0,0,941,Poudre à lever
spices & condiments,Balsamico-Essig,Balsamic vinegar,2949,147.44,137,209,9.3,1.1,0,0.08,32.01,640,2000,Vinaigre balsamique
spices & condiments,Gerstenmalzextrakt,Barley malt extract,319,81.85,79,11,2.9,0,0,0.41,283.99,1108,390,Extrait de malt d'orge
spices & condiments,Basilikum,Basil,339,31.81,21,115,7.8,3.00,179.77,0.15,46.34,494,1067,Basilic
spices & condiments,Kapern,Capers,1535,105.53,71,502,34.1,0.46,0,0.11,22.36,325,1455,Câpres
spices & condiments,Kardamom,Cardamom,165,64.53,30,88,34.1,0.46,0,0.625,321,822,256,Cardamome
spices & condiments,Kerbel,Chervil,217,21.19,15,63,6.1,0.06,3.59,0.156,19.12,196,1026,Cerfeuil
spices & condiments,Chili,Chili,755,56.65,44,169,11.2,1.41,84.6,0.12,47.53,634,1333,Piment
spices & condiments,Schnittlauch,Chives,466,37.87,35,35,2.4,0.43,25.82,0.13,29.62,365,1231,Ciboulette
spices & condiments,Schokolade (dunkel),Chocolate (dark),401,228.00,210,32,15.0,3,0,0.91,532.63,936,176,Chocolat (noir)
spices & condiments,Milchschokolade,Chocolate (milk),650,377.72,360,30,10.9,6.78,0,0.93,535.01,920,172,Chocolat au lait
spices & condiments,Weisse Schokolade,Chocolate (white),691,427.72,410,29,10.9,6.78,0,0.99,566.06,915,162,Chocolat blanc
spices & condiments,Zimt,Cinnamon,294,64.25,30,157,28.2,6.02,0,0.35,147,672,457,Cannelle
spices & condiments,Nelken,Cloves,83,26.46,13.7,40,6.3,6.43,385.97,0.51,431,1352,314,Clous de girofle
spices & condiments,Kakaopulver,Cocoa powder,92,57.81,40.09,28,10.9,6.78,0,1,403.65,646,160,Poudre de cacao
spices & condiments,Koriander,Coriander,599,41.15,30,162,8.8,2.37,142.05,0.11,21.97,320,1455,Coriandre
spices & condiments,Kreuzkümmel,Cumin,109,64.53,30,58,34.1,0.46,0,0.946,405,685,169,Cumin
spices & condiments,Curry,Curry,150,64.53,30,80,34.1,0.46,0,0.69,275.15,638,232,Curry
spices & condiments,Currypaste,Curry paste,938,128.92,90.55,279,24.8,13.58,0,0.22,100,727,727,Pâte de curry
spices & condiments,Traubenzucker,Dextrose,1731,476.02,474,7,2.0,0,0,0.44,399,1451,364,Dextrose
spices & condiments,Dill,Dill,243,25.81,15,102,7.8,3.00,179.77,0.17,57.8,544,941,Aneth
spices & condiments,Fenchelsamen,Fennel seeds,322,102.63,96,21,6.6,0,0,0.51,180,565,314,Graines de fenouil
spices & condiments,Galgant,Galangal,544,54.36,30,244,8.2,16.15,0,0.16,81,810,1000,Galanga
spices & condiments,Gelatine,Gelatin,218,257.37,219,32,24.8,13.58,0,1.89,353.73,299,85,Gélatine
spices & condiments,Ingwer,Ginger,544,54.36,30,244,8.2,16.15,0,0.16,81,810,1000,Gingembre
spices & condiments,Kräutertee,Herbal tea,7152,178.79,154,992,24.8,0,0,0.04,0,0,4000,Tisane
spices & condiments,Kräuter,Herbs,574,64.53,30,307,34.1,0.46,0,0.18,44,391,889,Herbes aromatiques
spices & condiments,Honig,Honey,413,93.03,75,80,9.4,8.61,0,0.36,310.5,1380,444,Miel
spices & condiments,Marmelade,Jam,795,154.00,131,119,18.0,5,0,0.31,248.4,1282,516,Confiture
spices & condiments,Wacholderbeeren,Juniper berries,672,46.19,44,32,2.2,0,0,0.11,37.69,548,1455,Baies de genévrier
spices & condiments,Ketchup,Ketchup,910,113.80,96.8,136,15.0,2,0,0.2,118.95,952,800,Ketchup
spices & condiments,Lorbeer,Laurel,283,31.81,21,96,7.8,3.00,179.77,0.18,44,391,889,Feuilles de laurier
spices & condiments,Zitronenmelisse,Lemon balm,283,31.81,21,96,7.8,3.00,179.77,0.18,29.92,266,889,Mélisse
spices & condiments,Zitronensaft,Lemon juice,3404,170.18,162,164,8.2,0,0,0.08,29.86,597,2000,Jus de citron
spices & condiments,Süssholz,Licorice,215,64.53,30,115,34.1,0.46,0,0.481,359,1194,333,Réglisse
spices & condiments,Limettensaft,Lime juice,3894,170.38,162.2,187,8.2,0,0,0.07,24,549,2286,Jus de citron vert
spices & condiments,Maggikraut,Lovage,188,21.19,15,55,6.1,0.06,3.59,0.18,44,391,889,Herbe de Maggi
spices & condiments,Mangomark,Mango pulp,625,46.84,26,278,10.8,10.08,604.74,0.12,58.01,773,1333,Pulpe de mangue
spices & condiments,Ahornsirup,Maple syrup,469,117.35,110,29,5.3,2.02,0,0.4,353.49,1414,400,Sirop d'érable
spices & condiments,Majoran,Marjoram,283,31.81,21,96,7.8,3.00,179.77,0.18,44,391,889,Marjolaine
spices & condiments,Mayonnaise,Mayonnaise,217,191.37,153,44,24.8,13.58,0,1.41,728.48,827,113,Mayonnaise
spices & condiments,Minze,Mint,318,31.81,21,108,7.8,3.00,179.77,0.16,48.96,490,1000,Menthe
spices & condiments,Melasse,Molasses,536,117.35,110,34,5.3,2.02,0,0.35,277.06,1267,457,Mélasse
spices & condiments,Senf,Mustard,492,110.81,70,181,21.9,18.87,0,0.36,142,631,444,Moutarde
spices & condiments,Senfsamen,Mustard seeds,593,478.44,417,76,24.6,36.89,0,1.29,509.7,632,124,Graines de moutarde
spices & condiments,Muskat,Nutmeg,408,244.61,226,31,6.8,11.77,0,0.96,537.64,896,167,Noix de muscade
spices & condiments,Oregano,Oregano,283,28.81,18,106,7.8,3.00,179.77,0.163,63.18,620,982,Origan
spices & condiments,Paprikapulver,Paprika (powder),871,421.41,406,32,14.7,0.75,44.97,0.774,356,736,207,Paprika en poudre
spices & condiments,Petersilie,Parsley,243,25.81,15,102,7.8,3.00,179.77,0.17,56.13,528,941,Persil
spices & condiments,Pfeffer,Pepper,2024,531.38,417,436,113.6,0.78,0,0.42,76,290,381,Poivre
spices & condiments,Himbeeressig,Raspberry vinegar,5764,252.19,250,50,2.2,0,0,0.07,22.45,513,2286,Vinaigre à la framboise
spices & condiments,Reisessig,Rice vinegar,8077,353.37,315,877,24.8,13.58,0,0.07,22.45,513,2286,Vinaigre de riz
spices & condiments,Rosmarin,Rosemary,354,31.00,18,149,13.0,0,0,0.14,62.1,710,1143,Romarin
spices & condiments,Safran,Saffron,215,68.50,30,121,37.6,0.92,0,0.51,180,565,314,Safran
spices & condiments,Salbei,Sage,425,39.81,29,115,7.8,3.00,179.77,0.15,58.04,619,1067,Sauge
spices & condiments,Salz,Salt,301,32.00,20,113,10.0,2,0,0.17,0,0,941,Sel
spices & condiments,Sambal Oelek,Sambal oelek,1405,105.37,67,512,24.8,13.58,0,0.12,28,373,1333,Sambal Oelek
spices & condiments,Bohnenkraut,Savory,283,31.81,21,96,7.8,3.00,179.77,0.18,44,391,889,Savoureux
spices & condiments,Sherry-Essig,Sherry vinegar,6785,296.84,290,156,6.8,0,0,0.07,22.45,513,2286,Vinaigre de Xérès
spices & condiments,Garnelenpaste,Shrimp paste,1536,883.37,845,67,24.8,13.58,0,0.92,208,362,174,Pâte de crevettes
spices & condiments,Sojasauce,Soy sauce,827,134.37,96,236,24.8,13.58,0,0.26,60,369,615,Sauce soja
spices & condiments,Gewürze,Spices,202,64.53,30,108,34.1,0.46,0,0.51,180,565,314,Épices
spices & condiments,Sternanis,Star anise,201,63.95,30,107,33.7,0.3,0,0.51,180,565,314,Anis étoilé
spices & condiments,Stärke (Mais),Starch (corn),471,120.62,117,14,3.6,0,0,0.41,360.66,1407,390,Amidon (maïs)
spices & condiments,Kartoffelstärke,Starch (potato),600,150.11,148,8,2.0,0.1,0,0.4,341.55,1366,400,Fécule de pomme de terre
spices & condiments,Weizenstärke,Starch (wheat),333,85.35,78,29,5.3,2.02,0,0.41,353.49,1379,390,Amidon de blé
spices & condiments,Zucker (Rüben),Sugar (sugar beet),132,37.02,35,7,2.0,0,0,0.45,406.04,1444,356,Sucre (betterave)
spices & condiments,Zucker (Rohr),Sugar (sugar cane),450,126.53,112,52,13.3,1.24,0,0.45,406.04,1444,356,Sucre de canne
spices & condiments,Süsse Paprika,Sweet paprika,202,64.53,30,108,34.1,0.46,0,0.51,180,565,314,Paprika doux
spices & condiments,Chilisauce,Tabasco,4799,239.96,220,399,19.4,0.52,0,0.08,12,240,2000,Sauce pimentée
spices & condiments,Tamarinde,Tamarind,1349,177.00,163,107,9.0,5.01,0,0.21,139,1059,762,Tamarin
spices & condiments,Thymian,Thyme,382,31.00,18,160,13.0,0,0,0.13,52.55,647,1231,Thym
spices & condiments,Tomatenkonzentrat,Tomato paste,1386,173.20,165,66,8.2,0,0,0.2,78,624,800,Concentré de tomates
spices & condiments,Tomatensugo,Tomato sauce,932,93.20,85,82,8.2,0,0,0.16,68.79,688,1000,Sugo de tomate
spices & condiments,Kurkuma,Turmeric,188,64.53,30,101,34.1,0.46,0,0.549,291,848,291,Curcuma
spices & condiments,Vanilleschoten,Vanilla beans,13094,1391.28,1341,473,38.7,11.61,0,0.17,0,0,941,Gousses de vanille
spices & condiments,Gemüsebrühe,Vegetable stock,497,205.05,203,5,2.1,0,0,0.66,238,577,242,Bouillon de légumes
spices & condiments,Wermut,Vermouth,2734,290.44,280,98,9.3,1.1,0,0.17,139.01,1308,941,Vermouth
spices & condiments,Weissweinessig,White wine vinegar,3370,147.44,137,239,9.3,1.1,0,0.07,22.45,513,2286,Vinaigre de vin blanc
spices & condiments,Bärlauch,Wild garlic,1402,41.19,35,211,6.1,0.06,3.59,0.047,16,545,3404,Ail sauvage
spices & condiments,Hefe (frisch),Yeast (fresh),274,75.45,73.4,7,2.1,0,0,0.44,96.02,349,364,Levure (fraîche)
starches & bread,Stärke und Brot,AA starches & bread,,0.00,,,,,,,,,,Amidons et pain
starches & bread,Amaranth,Amaranth,84,36.95,35,4,2.0,0,0,0.7,369,843,229,Amarante
starches & bread,Gerste,Barley,187,61.85,59,9,2.9,0,0,0.53,334.38,1009,302,Orge
starches & bread,Basmatireis,Basmati rice,933,303.37,265,118,24.8,13.58,0,0.52,353.49,1088,308,Riz basmati
starches & bread,Brot,Bread,343,94.35,87,27,5.3,2.02,0,0.44,246.01,895,364,Pain
starches & bread,Buchweizen,Buckwheat,281,84.35,77,25,5.3,2.02,0,0.48,277.06,924,333,Sarrasin
starches & bread,Buchweizenmehl,Buckwheat flour,202,78.35,71,19,5.3,2.02,0,0.62,346.33,894,258,Farine de sarrasin
starches & bread,Bulghur,Bulghur,253,96.56,83,36,13.6,0,0,0.61,329.13,863,262,Bulghur
starches & bread,Kastanien,Chestnuts,1142,217.62,210,40,7.6,0,0,0.305,200,1049,525,Châtaignes
starches & bread,Kichererbsenmehl,Chickpea flour,204,108.26,79,55,20.8,8.43,0,0.85,360,678,188,Farine de pois chiches
starches & bread,Maisgriess,Corn grits,182,63.62,60,10,3.6,0,0,0.56,353.49,1010,286,Semoule de maïs
starches & bread,Couscous,Couscous,190,78.35,71,18,5.3,2.02,0,0.66,351,851,242,Couscous
starches & bread,Hartweizengriess,Durum wheat semolina,199,78.35,71,19,5.3,2.02,0,0.63,355.88,904,254,Semoule de blé dur
starches & bread,Frühkartoffeln,Early potatoes,364,36.43,34,24,2.3,0.17,0,0.16,76.43,764,1000,Pommes de terre de primeur
starches & bread,Pommes frites,French Fries,1739,543.35,536,24,5.3,2.02,0,0.5,284.23,910,320,Les frites
starches & bread,Glasnudeln,Glass noodles,306,76.62,73,14,3.6,0,0,0.4,349.9,1400,400,Nouilles transparentes
starches & bread,Gluten (Weizen),Gluten (wheat),209,224.35,217,7,5.3,2.02,0,1.72,370,344,93,Gluten (blé)
starches & bread,Gnocchi (Kartoffel),Gnocchi (potato),347,69.45,62.1,37,5.3,2.02,0,0.32,174.84,874,500,Gnocchi (pomme de terre)
starches & bread,Goldhirse,Gold millet,164,62.34,35,72,21.7,5.66,0,0.61,360.66,946,262,Millet doré
starches & bread,Grünkernschrot,Green spelt wholemeal,206,87.35,80,17,5.3,2.02,0,0.68,340,800,235,Farine d'épeautre vert
starches & bread,Topinambur,Jerusalem artichokes,450,42.21,34,88,8.2,0,0,0.15,48.75,520,1067,Topinambour
starches & bread,Linsenmehl,Lentil flour,123,100.98,66,43,23.6,11.38,0,1.31,396.48,484,122,Farine de lentilles
starches & bread,Laugenbrezel,Lye roll,256,94.35,87,20,5.3,2.02,0,0.59,366,993,271,Bretzel
starches & bread,Maniok,Manioc,244,35.07,8,188,15.1,12,0,0.23,159.07,1107,696,Manioc
starches & bread,Hirse,Millet,161,61.36,35,69,12.3,14.1,0,0.61,360.66,946,262,Millet
starches & bread,Mehrkornmehl,Multigrain flour,171,68.26,58.8,24,7.9,1.61,0,0.64,342,855,250,Farine multigrains
starches & bread,Pasta,Noodles,247,97.35,90,19,5.3,2.02,0,0.63,358.27,910,254,Pâtes
starches & bread,Pasta (mit Ei),Noodles (with egg),284,117.35,110,18,5.3,2.02,0,0.66,370.21,897,242,Pâtes (avec œuf)
starches & bread,Hafer,Oats,277,98.56,85,38,13.6,0,0,0.57,353,991,281,Avoine
starches & bread,Graupe,Pearl barley,187,61.85,59,9,2.9,0,0,0.53,334.38,1009,302,Farine de céréales
starches & bread,Kartoffeln,Potatoes,144,14.43,12,24,2.3,0.17,0,0.16,76,760,1000,Pommes de terre
starches & bread,Blätterteig (pflanzliche Fette),Puff pastry (vegetable fats),260,108.85,101.5,18,5.3,2.02,0,0.67,355.88,850,239,Pâte feuilletée (graisses végétales)
starches & bread,Quinoa,Quinoa,319,127.64,88.2,99,29.7,9.77,0,0.64,368,920,250,Quinoa
starches & bread,Reis,Rice,933,303.37,265,118,24.8,13.58,0,0.52,353.49,1088,308,Riz
starches & bread,Reismehl,Rice flour,852,282.37,244,116,24.8,13.58,0,0.53,355.16,1072,302,Farine de riz
starches & bread,Risottoreis,Risotto rice,916,303.37,265,116,24.8,13.58,0,0.53,358,1081,302,Riz pour risotto
starches & bread,Roggenmehl,Rye flour,269,90.74,88,8,2.7,0,0,0.54,327.22,970,296,Farine de seigle
starches & bread,Laugengebäck,Soft pretzel,226,83.35,76,20,5.3,2.02,0,0.59,365.43,991,271,Pain de Sils
starches & bread,Sojamehl,Soy flour,356,291.53,277,18,13.3,1.24,0,1.31,396.48,484,122,Farine de soja
starches & bread,Spaghetti,Spaghetti,250,98.35,91,19,5.3,2.02,0,0.63,358.27,910,254,Spaghetti
starches & bread,Dinkelmehl,Spelled flour,212,87.35,80,18,5.3,2.02,0,0.66,353.49,857,242,Farine d'épeautre
starches & bread,Dinkelvollkorn,Spelled wholemeal,95,33.34,28,15,5.3,0,0,0.56,330.24,944,286,Epeautre complet
starches & bread,Süßkartoffel,Sweet potato,159,16.93,14.5,23,2.3,0.17,0,0.17,98,922,941,Patate douce
starches & bread,Weizen,Wheat,166,60.35,53,20,5.3,2.02,0,0.58,327.22,903,276,Blé
starches & bread,Weizenmehl,Wheat flour (type 812),202,78.35,71,19,5.3,2.02,0,0.62,351,906,258,Farine de blé
starches & bread,Weissmehl,White flour,202,78.35,71,19,5.3,2.02,0,0.62,351.1,906,258,Farine blanche
starches & bread,Vollweizengrieß,Whole wheat semolina,141,55.35,48,19,5.3,2.02,0,0.63,355.88,904,254,Semoule de blé complet
starches & bread,Vollkorn,Whole-grain,164,55.35,48,22,5.3,2.02,0,0.54,327.22,970,296,Grain de blé
starches & bread,Vollkornbrot,Whole-grain bread,359,94.35,87,28,5.3,2.02,0,0.42,215.2,820,381,Pain complet
starches & bread,Schrot,Wholemeal,155,55.35,48,21,5.3,2.02,0,0.57,344,966,281,Gruau
starches & bread,Vollkornmehl,Wholemeal flour,196,78.35,71,18,5.3,2.02,0,0.64,342,855,250,Farine complète
vegetables & mushrooms,Gemüse und Pilze,AA vegetables & mushrooms,,0.00,,,,,,,,,,légumes et champignons
vegetables & mushrooms,Artischockenherzen,Artichoke hearts,843,68.47,60,104,8.5,0,0,0.13,25,308,1231,Coeurs d'artichauts
vegetables & mushrooms,Artischocken,Artichokes,304,28.47,20,90,8.5,0,0,0.15,12,128,1067,Artichauts
vegetables & mushrooms,Rucola,Arugula,469,35.18,29,82,6.2,0,0,0.12,28.42,379,1333,Roquette
vegetables & mushrooms,Aubergine,Aubergine,983,61.41,46,247,14.7,0.75,44.97,0.1,19.03,304,1600,Aubergine
vegetables & mushrooms,Avocado,Avocado,457,93.38,54.3,191,29.9,9.2,0,0.327,141.97,695,489,Avocat
vegetables & mushrooms,Batavia Salat,Batavia lettuce,465,26.18,20,110,6.2,0,0,0.09,12.68,225,1778,Laitue de Batavia
vegetables & mushrooms,Randen,Beetroot,452,36.70,34,33,2.7,0,0,0.13,35.77,440,1231,Betterave rouge
vegetables & mushrooms,Brokkoli,Broccoli,499,43.65,38,65,5.7,0,0,0.14,19.09,218,1143,Brocoli
vegetables & mushrooms,Rosenkohl,Brussels sprouts,569,56.88,52,49,4.9,0,0,0.16,33.53,335,1000,Choux de Bruxelles
vegetables & mushrooms,Butternut,Butternut,119,8.62,5.14,48,3.5,0,0,0.116,49,676,1379,Butternut
vegetables & mushrooms,Kohl,Cabbage,435,29.88,25,71,4.9,0,0,0.11,23.66,344,1455,Chou
vegetables & mushrooms,Karotten,Carrots,295,17.70,15,45,2.7,0,0,0.096,37.76,629,1667,Carottes
vegetables & mushrooms,Blumenkohl,Cauliflower,476,38.65,33,70,5.7,0,0,0.13,16.29,200,1231,Chou-fleur
vegetables & mushrooms,Stangensellerie,Celery,649,44.63,38,96,6.6,0,0,0.11,9.03,131,1455,Branches de céleri
vegetables & mushrooms,Knollensellerie,Celery root,543,40.70,38,36,2.7,0,0,0.12,20.4,272,1333,Céleri-rave
vegetables & mushrooms,Steinpilze,Ceps,617,54.73,50,53,4.7,0,0,0.142,31.55,355,1127,Cèpes
vegetables & mushrooms,Pfifferlinge,Chanterelles,796,54.73,50,69,4.7,0,0,0.11,16.62,242,1455,Chanterelles
vegetables & mushrooms,Mangold,Chard,333,21.63,15,102,6.6,0,0,0.104,23.18,357,1538,Bette à carde
vegetables & mushrooms,Cherrytomaten,Cherry tomatoes,505,25.26,19,125,5.8,0.43,25.94,0.08,21.26,425,2000,Tomates cerises
vegetables & mushrooms,Chicoree,Chicory,452,21.18,15,132,6.2,0,0,0.075,13.38,285,2133,Chicorée
vegetables & mushrooms,Chinakohl,Chinese cabbage,478,29.88,25,78,4.9,0,0,0.1,12.26,196,1600,Chou chinois
vegetables & mushrooms,Mais,Corn,365,45.62,42,29,3.6,0,0,0.2,93.15,745,800,Maïs
vegetables & mushrooms,Gurken,Cucumber,501,28.18,18,181,10.2,0,0,0.09,9.9,176,1778,Concombres
vegetables & mushrooms,Endivie,Endive,478,27.18,21,109,6.2,0,0,0.091,16.25,286,1758,Endive
vegetables & mushrooms,Fenchel,Fennel,776,43.63,37,118,6.6,0,0,0.09,21.1,375,1778,Fenouil
vegetables & mushrooms,Knoblauch,Garlic,328,59.36,35,134,8.2,16.15,0,0.29,121.49,670,552,Ail
vegetables & mushrooms,Grüner Spargel,Green asparagus,1368,102.63,86,222,10.7,5.95,357.12,0.12,23.14,309,1333,Asperges vertes
vegetables & mushrooms,Meerrettich,Horseradish,271,35.63,29,51,6.6,0,0,0.21,80,610,762,Raifort
vegetables & mushrooms,Eisbergsalat,Iceberg lettuce,502,24.18,18,128,6.2,0,0,0.077,16.77,348,2078,Laitue iceberg
vegetables & mushrooms,Jalapeno,Jalapeno,1584,59.41,44,411,14.7,0.75,44.97,0.06,15,400,2667,Jalapeno
vegetables & mushrooms,Grünkohl,Kale,276,29.35,25,41,4.4,0,0,0.17,23.51,221,941,Chou frisé
vegetables & mushrooms,Feldsalat,Lamb's lettuce,422,27.18,21,96,6.2,0,0,0.103,22.94,356,1553,Mâche
vegetables & mushrooms,Lauch,Leek,507,41.22,35,77,6.2,0,0,0.13,17.18,211,1231,Poireau
vegetables & mushrooms,Kopfsalat,Lettuce,550,27.18,21,125,6.2,0,0,0.079,14.1,286,2025,Laitue
vegetables & mushrooms,Pilze,Mushrooms,2343,175.73,171,63,4.7,0,0,0.12,22,293,1333,Champignons de Paris
vegetables & mushrooms,Brennnesseln,Nettles,138,17.19,11,50,6.1,0.06,3.59,0.2,50.4,403,800,Orties
vegetables & mushrooms,Zwiebeln,Onions,545,37.50,35,36,2.5,0,0,0.11,35.82,521,1455,Oignons
vegetables & mushrooms,Austernpilz,Oyster mushroom,1534,121.73,117,60,4.7,0,0,0.127,25.5,321,1260,Pleurote en huître
vegetables & mushrooms,Pak Choi,Pak choi,531,29.88,25,87,4.9,0,0,0.09,11.13,198,1778,Pak Choi
vegetables & mushrooms,Peperoni,Paprika,1033,59.41,44,268,14.7,0.75,44.97,0.092,32,557,1739,Piments
vegetables & mushrooms,Pastinaken,Parsnips,199,17.70,15,30,2.7,0,0,0.142,65.1,734,1127,Panais
vegetables & mushrooms,Peperoncini,Peperoncini,697,56.65,44,156,11.2,1.41,84.6,0.13,36.6,450,1231,Pépéroncini
vegetables & mushrooms,Eingelegtes Gemüse,Pickles,1385,60.59,35,585,25.6,0,0,0.07,14.09,322,2286,Légumes marinés
vegetables & mushrooms,Portulak,Portulaca,544,27.19,21,124,6.1,0.06,3.59,0.08,18.34,367,2000,Pourpier
vegetables & mushrooms,Kürbis,Pumpkin,181,8.62,5.14,73,3.5,0,0,0.076,23.42,493,2105,Citrouille
vegetables & mushrooms,Radicchio,Radicchio,625,35.18,29,110,6.2,0,0,0.09,11.9,212,1778,Radicchio
vegetables & mushrooms,Rettich,Radish,564,31.70,29,48,2.7,0,0,0.09,13.61,242,1778,Radis
vegetables & mushrooms,Rotkohl,Red cabbage,435,29.88,25,71,4.9,0,0,0.11,23.66,344,1455,Chou rouge
vegetables & mushrooms,Eichbattsalat,Red oak leaf salad,550,27.18,21,125,6.2,0,0,0.079,14.1,286,2025,Laitue à feuilles de chêne
vegetables & mushrooms,Romanesco,Romanesco,476,38.65,33,70,5.7,0,0,0.13,16.29,200,1231,Romanesco
vegetables & mushrooms,Schwarzwurzel,Salsify,211,17.70,15,32,2.7,0,0,0.134,52.82,631,1194,Salsifis noir
vegetables & mushrooms,Sauerkraut,Sauerkraut,1024,57.59,44.59,231,13.0,0,0,0.09,19.11,340,1778,Choucroute
vegetables & mushrooms,Wirsing,Savoy cabbage,382,29.88,25,62,4.9,0,0,0.125,30.83,395,1280,Chou de Savoie
vegetables & mushrooms,Algen,Seaweed,1027,89.87,36,616,27.8,26.06,0,0.14,53.26,609,1143,Algues
vegetables & mushrooms,Schalotte,Shallot,425,37.19,35,25,2.2,0,0,0.14,12.76,146,1143,Échalote
vegetables & mushrooms,Spinat,Spinach,182,13.65,11,35,2.7,0,0,0.12,22.69,303,1333,Epinards
vegetables & mushrooms,Frühlingszwiebeln,Spring onions,541,37.19,35,32,2.2,0,0,0.11,33.2,483,1455,Oignons nouveaux
vegetables & mushrooms,Sprossen,Sprouts,208,26.00,13,104,13.0,0,0,0.2,54.93,439,800,Sprouts
vegetables & mushrooms,Zuckerhut,Sugar loaf,483,27.18,21,110,6.2,0,0,0.09,14.03,249,1778,Pain de sucre
vegetables & mushrooms,Tomaten,Tomatoes,525,26.26,20,125,5.8,0.43,25.94,0.08,21.26,425,2000,Tomates
vegetables & mushrooms,Trüffel,Truffle,838,104.73,100,38,4.7,0,0,0.2,31.05,248,800,Truffes
vegetables & mushrooms,Kohlrabi,Turnip cabbage,426,27.70,25,42,2.7,0,0,0.104,27,415,1538,Chou-rave
vegetables & mushrooms,Steckrüben,Turnips,432,29.70,27,39,2.7,0,0,0.11,15.18,221,1455,Navet
vegetables & mushrooms,Gemüse,Vegetables,620,34.90,29,105,5.9,0,0,0.09,26.75,476,1778,Légumes
vegetables & mushrooms,Rispentomaten,Vine tomatoes,505,25.26,19,125,5.8,0.43,25.94,0.08,21.26,425,2000,Tomates de vigne
vegetables & mushrooms,Brunnenkresse,Watercress,509,31.81,21,173,7.8,3.00,179.77,0.1,16.96,271,1600,Cresson
vegetables & mushrooms,Weisser Spargel,White asparagus,1075,80.63,64,222,10.7,5.95,357.12,0.12,20.15,269,1333,Asperges blanches
vegetables & mushrooms,Weisskohl,White cabbage,435,29.88,25,71,4.9,0,0,0.11,23.66,344,1455,Chou blanc
vegetables & mushrooms,Wilde Pilze,Wild mushrooms,392,36.73,32,50,4.7,0,0,0.15,25.22,269,1067,Champignons sauvages
vegetables & mushrooms,Mu-Err Pilze,Wood-ear fungus,2469,169.73,165,69,4.7,0,0,0.11,25.08,365,1455,Champignons Oreille-de-Judas
vegetables & mushrooms,Zucchini,Zucchini,360,22.48,19,56,3.5,0,0,0.1,16.62,266,1600,Courgette